"{{id}}"	"{{transcriptid}}"	"{{effectid}}"	"{{position_c_start}}"	"{{position_c_start_intron}}"	"{{position_c_end}}"	"{{position_c_end_intron}}"	"{{VariantOnTranscript/DNA}}"	"{{VariantOnTranscript/RNA}}"	"{{VariantOnTranscript/Protein}}"	"{{VariantOnTranscript/Exon}}"	"{{VariantOnTranscript/Haplotype}}"
"0000127952"	"00020774"	"10"	"0"	"0"	"0"	"0"	"c.="	"r.="	"p.="	"1"	"AVI"
"0000127953"	"00020774"	"70"	" "	"0"	"145"	"0"	"c.145G>C"	"r.(?)"	"p.(Ala49Pro)"	"1"	"PAV"
"0000127954"	"00020774"	"70"	"785"	"0"	"785"	"0"	"c.785T>C"	"r.(?)"	"p.(Val262Ala)"	"1"	"AAV"
"0000127955"	"00020774"	"70"	"145"	"0"	"145"	"0"	"c.145G>C"	"r.(?)"	"p.(Ala49Pro)"	"1"	"PAV"
"0000127956"	"00020774"	"10"	"0"	"0"	"0"	"0"	"c.="	"r.="	"p.="	"1"	"AVI"
"0000127957"	"00020774"	"10"	"0"	"0"	"0"	"0"	"c.="	"r.="	"p.="	"1"	"AVI"
"0000127958"	"00020774"	"10"	"0"	"0"	"0"	"0"	"c.="	"r.="	"p.="	"1"	"AVI"
"0000127959"	"00020774"	"10"	"0"	"0"	"0"	"0"	"c.="	"r.="	"p.="	"1"	"AVI"
"0000127960"	"00020774"	"70"	"785"	"0"	"785"	"0"	"c.785T>C"	"r.(?)"	"p.(Val262Ala)"	"1"	"AAV"
"0000127961"	"00020774"	"70"	"785"	"0"	"785"	"0"	"c.785T>C"	"r.(?)"	"p.(Val262Ala)"	"1"	"AAV"
"0000127962"	"00020774"	"70"	"785"	"0"	"785"	"0"	"c.785T>C"	"r.(?)"	"p.(Val262Ala)"	"1"	"AAI"
"0000127963"	"00020774"	"70"	"145"	"0"	"145"	"0"	"c.145G>C"	"r.(?)"	"p.(Ala49Pro)"	"1"	"PAV"
"0000127964"	"00020774"	"70"	"145"	"0"	"145"	"0"	"c.145G>C"	"r.(?)"	"p.(Ala49Pro)"	"1"	"PAV"
"0000127965"	"00020774"	"70"	"145"	"0"	"145"	"0"	"c.145G>C"	"r.(?)"	"p.(Ala49Pro)"	"1"	"PAV"
"0000127966"	"00020774"	"70"	"145"	"0"	"145"	"0"	"c.145G>C"	"r.(?)"	"p.(Ala49Pro)"	"1"	"PAV"
"0000127967"	"00020774"	"70"	"145"	"0"	"145"	"0"	"c.145G>C"	"r.(?)"	"p.(Ala49Pro)"	"1"	"PAV"
"0000127968"	"00020774"	"70"	"145"	"0"	"145"	"0"	"c.145G>C"	"r.(?)"	"p.(Ala49Pro)"	"1"	"PVI"
"0000127969"	"00020774"	"10"	"0"	"0"	"0"	"0"	"c.="	"r.="	"p.="	"1"	"AVI"
"0000127970"	"00020774"	"70"	"785"	"0"	"785"	"0"	"c.785T>C"	"r.(?)"	"p.(Val262Ala)"	"1"	"AAV"
"0000127971"	"00020774"	"70"	"145"	"0"	"145"	"0"	"c.145G>C"	"r.(?)"	"p.(Ala49Pro)"	"1"	"PAV"
"0000127972"	"00020774"	"70"	"886"	"0"	"886"	"0"	"c.886A>G"	"r.(?)"	"p.(Ile296Val)"	"1"	"AAV"
"0000127973"	"00020774"	"70"	"145"	"0"	"145"	"0"	"c.145G>C"	"r.(?)"	"p.(Ala49Pro)"	"1"	"PAV"
"0000127974"	"00020774"	"70"	"145"	"0"	"145"	"0"	"c.145G>C"	"r.(?)"	"p.(Ala49Pro)"	"1"	"PAV"
"0000127975"	"00020774"	"10"	"0"	"0"	"0"	"0"	"c.="	"r.="	"p.="	"1"	"AVI"
"0000127976"	"00020774"	"10"	"0"	"0"	"0"	"0"	"c.="	"r.="	"p.="	"1"	"AVI"
"0000127977"	"00020774"	"70"	"145"	"0"	"145"	"0"	"c.145G>C"	"r.(?)"	"p.(Ala49Pro)"	"1"	"PAV"
"0000127978"	"00020774"	"70"	"145"	"0"	"145"	"0"	"c.145G>C"	"r.(?)"	"p.(Ala49Pro)"	"1"	"PAV"
"0000127979"	"00020774"	"70"	"785"	"0"	"785"	"0"	"c.785T>C"	"r.(?)"	"p.(Val262Ala)"	"1"	"AAI (H1)"
"0000127980"	"00020774"	"70"	"785"	"0"	"785"	"0"	"c.785T>C"	"r.(?)"	"p.(Val262Ala)"	"1"	"AAV (H2)"
"0000127981"	"00020774"	"70"	"785"	"0"	"785"	"0"	"c.785T>C"	"r.(?)"	"p.(Val262Ala)"	"1"	"AAI (H3)"
"0000127982"	"00020774"	"10"	"0"	"0"	"0"	"0"	"c.="	"r.="	"p.="	"1"	"AVI"
"0000127983"	"00020774"	"70"	"785"	"0"	"785"	"0"	"c.785T>C"	"r.(?)"	"p.(Val262Ala)"	"1"	"AAI (H1)"
"0000127984"	"00020774"	"70"	"785"	"0"	"785"	"0"	"c.785T>C"	"r.(?)"	"p.(Val262Ala)"	"1"	"AAV (H2)"
"0000127985"	"00020774"	"50"	"809"	"0"	"809"	"0"	"c.809T>G"	"r.(?)"	"p.(Leu270Arg)"	"1"	"AVI (H7)"
"0000127986"	"00020774"	"50"	"649"	"0"	"649"	"0"	"c.649A>C"	"r.(?)"	"p.(Thr217Pro)"	"1"	"AVI (H8)"
"0000127987"	"00020774"	"50"	"403"	"0"	"403"	"0"	"c.403T>G"	"r.(?)"	"p.(Trp135Gly)"	"1"	"AAI (H9)"
"0000127988"	"00020774"	"70"	"785"	"0"	"785"	"0"	"c.785T>C"	"r.(?)"	"p.(Val262Ala)"	"1"	"AAI (H3)"
"0000127989"	"00020774"	"50"	"239"	"0"	"239"	"0"	"c.239A>G"	"r.(?)"	"p.(His80Arg)"	"1"	"AAI (H11)"
"0000127990"	"00020774"	"10"	"0"	"0"	"0"	"0"	"c.="	"r.="	"p.="	"1"	"AVI"
"0000127991"	"00020774"	"50"	"191"	"0"	"191"	"0"	"c.191G>A"	"r.(?)"	"p.(Arg64Gln)"	"1"	"AVI (H13)"
"0000127992"	"00020774"	"70"	"145"	"0"	"145"	"0"	"c.145G>C"	"r.(?)"	"p.(Ala49Pro)"	"1"	"PAV (H14)"
"0000127993"	"00020774"	"70"	"145"	"0"	"145"	"0"	"c.145G>C"	"r.(?)"	"p.(Ala49Pro)"	"1"	"PAV (H15)"
"0000127994"	"00020774"	"70"	"145"	"0"	"145"	"0"	"c.145G>C"	"r.(?)"	"p.(Ala49Pro)"	"1"	"PAV (H16)"
"0000127995"	"00020774"	"70"	"145"	"0"	"145"	"0"	"c.145G>C"	"r.(?)"	"p.(Ala49Pro)"	"1"	"PAV (H17)"
"0000127996"	"00020774"	"10"	"0"	"0"	"0"	"0"	"c.="	"r.="	"p.="	"1"	"AVI"
"0000127997"	"00020774"	"50"	"106"	"0"	"106"	"0"	"c.106G>A"	"r.(?)"	"p.(Val36Ile)"	"1"	"PAV (H19)"
"0000127998"	"00020774"	"70"	"785"	"0"	"785"	"0"	"c.785T>C"	"r.(?)"	"p.(Val262Ala)"	"1"	"AAI (H20)"
"0000127999"	"00020774"	"50"	"17"	"0"	"17"	"0"	"c.17G>A"	"r.(?)"	"p.(Arg6His)"	"1"	"AVI (H21)"
"0000128000"	"00020774"	"50"	"403"	"0"	"403"	"0"	"c.403T>G"	"r.(?)"	"p.(Trp135Gly)"	"1"	"AAI (H9)"
"0000128001"	"00020774"	"50"	"362"	"0"	"362"	"0"	"c.362T>C"	"r.(?)"	"p.(Leu121Pro)"	"1"	"AAI (H10)"
"0000128002"	"00020774"	"50"	"239"	"0"	"239"	"0"	"c.239A>G"	"r.(?)"	"p.(His80Arg)"	"1"	"AAI (H11)"
"0000128003"	"00020774"	"50"	"239"	"0"	"239"	"0"	"c.239A>G"	"r.(?)"	"p.(His80Arg)"	"1"	"AAI (H12)"
"0000128004"	"00020774"	"50"	"191"	"0"	"191"	"0"	"c.191G>A"	"r.(?)"	"p.(Arg64Gln)"	"1"	"AVI (H13)"
"0000128005"	"00020774"	"70"	"145"	"0"	"145"	"0"	"c.145G>C"	"r.(?)"	"p.(Ala49Pro)"	"1"	"PAV (H14)"
"0000128006"	"00020774"	"70"	"145"	"0"	"145"	"0"	"c.145G>C"	"r.(?)"	"p.(Ala49Pro)"	"1"	"PAV (H15)"
"0000128007"	"00020774"	"70"	"145"	"0"	"145"	"0"	"c.145G>C"	"r.(?)"	"p.(Ala49Pro)"	"1"	"PAV (H16)"
"0000128008"	"00020774"	"70"	"145"	"0"	"145"	"0"	"c.145G>C"	"r.(?)"	"p.(Ala49Pro)"	"1"	"PAV (H17)"
"0000128009"	"00020774"	"70"	"785"	"0"	"785"	"0"	"c.785T>C"	"r.(?)"	"p.(Val262Ala)"	"1"	"AAI (H1)"
"0000128010"	"00020774"	"10"	"0"	"0"	"0"	"0"	"c.="	"r.="	"p.="	"1"	"AVI"
"0000128011"	"00020774"	"70"	"145"	"0"	"145"	"0"	"c.145G>C"	"r.(?)"	"p.(Ala49Pro)"	"1"	"PAV (H14)"
"0000128012"	"00020774"	"10"	"0"	"0"	"0"	"0"	"c.="	"r.="	"p.="	"1"	"AVI"
"0000128013"	"00020774"	"70"	"145"	"0"	"145"	"0"	"c.145G>C"	"r.(?)"	"p.(Ala49Pro)"	"1"	"PAV (H14)"
"0000128014"	"00020774"	"70"	"145"	"0"	"145"	"0"	"c.145G>C"	"r.(?)"	"p.(Ala49Pro)"	"1"	"PAV (H18)"
"0000128015"	"00020774"	"70"	"785"	"0"	"785"	"0"	"c.785T>C"	"r.(?)"	"p.(Val262Ala)"	"1"	"AAI (H1)"
"0000128016"	"00020774"	"10"	"0"	"0"	"0"	"0"	"c.="	"r.="	"p.="	"1"	"AVI"
"0000128017"	"00020774"	"70"	"145"	"0"	"145"	"0"	"c.145G>C"	"r.(?)"	"p.(Ala49Pro)"	"1"	"PAV (H14)"
"0000128018"	"00020774"	"10"	"0"	"0"	"0"	"0"	"c.="	"r.="	"p.="	"1"	"AVI"
"0000128019"	"00020774"	"70"	"145"	"0"	"145"	"0"	"c.145G>C"	"r.(?)"	"p.(Ala49Pro)"	"1"	"PAV (H14)"
"0000128020"	"00020774"	"50"	"822"	"0"	"822"	"0"	"c.822C>T"	"r.(?)"	"p.(=)"	"1"	"AVI (H6)"
"0000128021"	"00020774"	"10"	"0"	"0"	"0"	"0"	"c.="	"r.="	"p.="	"1"	"AVI"
"0000128022"	"00020774"	"70"	"145"	"0"	"145"	"0"	"c.145G>C"	"r.(?)"	"p.(Ala49Pro)"	"1"	"PAV (H14)"
"0000128023"	"00020774"	"70"	"145"	"0"	"145"	"0"	"c.145G>C"	"r.(?)"	"p.(Ala49Pro)"	"1"	"PAV (H18)"
"0000128024"	"00020774"	"50"	"-992"	"0"	"-992"	"0"	"c.-992A>G"	"r.(?)"	"p.(=)"	"_1"	""
"0000128025"	"00020774"	"50"	"-926"	"0"	"-926"	"0"	"c.-926A>C"	"r.(?)"	"p.(=)"	"_1"	""
"0000128026"	"00020774"	"50"	"-924"	"0"	"-924"	"0"	"c.-924G>C"	"r.(?)"	"p.(=)"	"_1"	""
"0000128027"	"00020774"	"50"	"-898"	"0"	"-898"	"0"	"c.-898C>T"	"r.(?)"	"p.(=)"	"_1"	""
"0000128028"	"00020774"	"50"	"-853"	"0"	"-853"	"0"	"c.-853C>T"	"r.(?)"	"p.(=)"	"_1"	""
"0000128029"	"00020774"	"50"	"-848"	"0"	"-848"	"0"	"c.-848C>T"	"r.(?)"	"p.(=)"	"_1"	""
"0000128030"	"00020774"	"50"	"-827"	"0"	"-827"	"0"	"c.-827A>G"	"r.(?)"	"p.(=)"	"_1"	""
"0000128031"	"00020774"	"50"	"-817"	"0"	"-817"	"0"	"c.-817C>G"	"r.(?)"	"p.(=)"	"_1"	""
"0000128032"	"00020774"	"50"	"-692"	"0"	"-692"	"0"	"c.-692A>G"	"r.(?)"	"p.(=)"	"_1"	""
"0000128033"	"00020774"	"50"	"-657"	"0"	"-657"	"0"	"c.-657A>T"	"r.(?)"	"p.(=)"	"_1"	""
"0000128034"	"00020774"	"50"	"-615"	"0"	"-615"	"0"	"c.-615G>A"	"r.(?)"	"p.(=)"	"_1"	""
"0000128035"	"00020774"	"50"	"-608"	"0"	"-608"	"0"	"c.-608T>A"	"r.(?)"	"p.(=)"	"_1"	""
"0000128036"	"00020774"	"50"	"-607"	"0"	"-607"	"0"	"c.-607A>T"	"r.(?)"	"p.(=)"	"_1"	""
"0000128037"	"00020774"	"50"	"-578"	"0"	"-578"	"0"	"c.-578T>G"	"r.(?)"	"p.(=)"	"_1"	""
"0000128038"	"00020774"	"50"	"-572"	"0"	"-572"	"0"	"c.-572A>G"	"r.(?)"	"p.(=)"	"_1"	""
"0000128039"	"00020774"	"50"	"-552"	"0"	"-552"	"0"	"c.-552G>A"	"r.(?)"	"p.(=)"	"_1"	""
"0000128040"	"00020774"	"50"	"-476"	"0"	"-476"	"0"	"c.-476A>G"	"r.(?)"	"p.(=)"	"_1"	""
"0000128041"	"00020774"	"50"	"-414"	"0"	"-414"	"0"	"c.-414G>A"	"r.(?)"	"p.(=)"	"_1"	""
"0000128042"	"00020774"	"50"	"-344"	"0"	"-344"	"0"	"c.-344C>T"	"r.(?)"	"p.(=)"	"_1"	""
"0000128043"	"00020774"	"50"	"-319"	"0"	"-319"	"0"	"c.-319G>C"	"r.(?)"	"p.(=)"	"_1"	""
"0000128044"	"00020774"	"50"	"-233"	"0"	"-233"	"0"	"c.-233G>T"	"r.(?)"	"p.(=)"	"_1"	""
"0000128045"	"00020774"	"50"	"-232"	"0"	"-232"	"0"	"c.-232C>T"	"r.(?)"	"p.(=)"	"_1"	""
"0000128046"	"00020774"	"50"	"-225"	"0"	"-225"	"0"	"c.-225G>A"	"r.(?)"	"p.(=)"	"_1"	""
"0000128047"	"00020774"	"50"	"-180"	"0"	"-180"	"0"	"c.-180C>T"	"r.(?)"	"p.(=)"	"_1"	""
"0000128048"	"00020774"	"50"	"-161"	"0"	"-161"	"0"	"c.-161C>T"	"r.(?)"	"p.(=)"	"_1"	""
"0000128049"	"00020774"	"50"	"-157"	"0"	"-157"	"0"	"c.-157C>T"	"r.(?)"	"p.(=)"	"_1"	""
"0000128050"	"00020774"	"50"	"-145"	"0"	"-145"	"0"	"c.-145G>C"	"r.(?)"	"p.(=)"	"_1"	""
"0000128051"	"00020774"	"50"	"-93"	"0"	"-93"	"0"	"c.-93G>A"	"r.(?)"	"p.(=)"	"_1"	""
"0000128052"	"00020774"	"50"	"-59"	"0"	"-59"	"0"	"c.-59G>A"	"r.(?)"	"p.(=)"	"1"	""
"0000128053"	"00020774"	"50"	"1013"	"0"	"1013"	"0"	"c.*11G>A"	"r.(?)"	"p.(=)"	"1"	""
"0000128054"	"00020774"	"50"	"1120"	"0"	"1120"	"0"	"c.*118G>A"	"r.(?)"	"p.(=)"	"!_"	""
"0000128055"	"00020774"	"50"	"1411"	"0"	"1411"	"0"	"c.*409C>G"	"r.(?)"	"p.(=)"	"!_"	""
"0000128056"	"00020774"	"50"	"1432"	"0"	"1432"	"0"	"c.*430C>T"	"r.(?)"	"p.(=)"	"!_"	""
"0000128057"	"00020774"	"50"	"1509"	"0"	"1509"	"0"	"c.*507T>C"	"r.(?)"	"p.(=)"	"!_"	""
"0000128058"	"00020774"	"50"	"1615"	"0"	"1615"	"0"	"c.*613T>G"	"r.(?)"	"p.(=)"	"!_"	""
"0000128059"	"00020774"	"50"	"1688"	"0"	"1688"	"0"	"c.*686T>C"	"r.(?)"	"p.(=)"	"!_"	""
"0000128060"	"00020774"	"50"	"1873"	"0"	"1873"	"0"	"c.*871C>T"	"r.(?)"	"p.(=)"	"!_"	""
"0000128061"	"00020774"	"50"	"1886"	"0"	"1886"	"0"	"c.*884G>A"	"r.(?)"	"p.(=)"	"!_"	""
"0000128062"	"00020774"	"50"	"1928"	"0"	"1928"	"0"	"c.*926C>T"	"r.(?)"	"p.(=)"	"!_"	""
"0000128063"	"00020774"	"50"	"1934"	"0"	"1934"	"0"	"c.*932T>C"	"r.(?)"	"p.(=)"	"!_"	""
"0000128064"	"00020774"	"70"	"145"	"0"	"145"	"0"	"c.145G>C"	"r.(?)"	"p.(Ala49Pro)"	"1"	""
"0000128065"	"00020774"	"70"	"886"	"0"	"886"	"0"	"c.886A>G"	"r.(?)"	"p.(Ile296Val)"	"1"	""
"0000128066"	"00020774"	"70"	"785"	"0"	"785"	"0"	"c.785T>C"	"r.(?)"	"p.(Val262Ala)"	"1"	"PAV"
"0000128067"	"00020774"	"70"	"886"	"0"	"886"	"0"	"c.886A>G"	"r.(?)"	"p.(Ile296Val)"	"1"	"PAV"
"0000128068"	"00020774"	"70"	"886"	"0"	"886"	"0"	"c.886A>G"	"r.(?)"	"p.(Ile296Val)"	"1"	"AAV"
"0000128069"	"00020774"	"70"	"785"	"0"	"785"	"0"	"c.785T>C"	"r.(?)"	"p.(Val262Ala)"	"1"	"PAV"
"0000128070"	"00020774"	"70"	"886"	"0"	"886"	"0"	"c.886A>G"	"r.(?)"	"p.(Ile296Val)"	"1"	"PAV"
"0000128071"	"00020774"	"70"	"886"	"0"	"886"	"0"	"c.886A>G"	"r.(?)"	"p.(Ile296Val)"	"1"	"AAV"
"0000128072"	"00020774"	"70"	"886"	"0"	"886"	"0"	"c.886A>G"	"r.(?)"	"p.(Ile296Val)"	"1"	"AAV"
"0000128073"	"00020774"	"70"	"785"	"0"	"785"	"0"	"c.785T>C"	"r.(?)"	"p.(Val262Ala)"	"1"	"PAV"
"0000128074"	"00020774"	"70"	"886"	"0"	"886"	"0"	"c.886A>G"	"r.(?)"	"p.(Ile296Val)"	"1"	"PAV"
"0000128075"	"00020774"	"70"	"785"	"0"	"785"	"0"	"c.785T>C"	"r.(?)"	"p.(Val262Ala)"	"1"	"PAV"
"0000128076"	"00020774"	"70"	"886"	"0"	"886"	"0"	"c.886A>G"	"r.(?)"	"p.(Ile296Val)"	"1"	"PAV"
"0000128077"	"00020774"	"70"	"785"	"0"	"785"	"0"	"c.785T>C"	"r.(?)"	"p.(Val262Ala)"	"1"	"PAV"
"0000128078"	"00020774"	"70"	"886"	"0"	"886"	"0"	"c.886A>G"	"r.(?)"	"p.(Ile296Val)"	"1"	"PAV"
"0000128079"	"00020774"	"70"	"785"	"0"	"785"	"0"	"c.785T>C"	"r.(?)"	"p.(Val262Ala)"	"1"	"PAV"
"0000128080"	"00020774"	"70"	"886"	"0"	"886"	"0"	"c.886A>G"	"r.(?)"	"p.(Ile296Val)"	"1"	"PAV"
"0000128081"	"00020774"	"70"	"785"	"0"	"785"	"0"	"c.785T>C"	"r.(?)"	"p.(Val262Ala)"	"1"	"PAV"
"0000128082"	"00020774"	"70"	"886"	"0"	"886"	"0"	"c.886A>G"	"r.(?)"	"p.(Ile296Val)"	"1"	"PAV"
"0000128083"	"00020774"	"70"	"886"	"0"	"886"	"0"	"c.886A>G"	"r.(?)"	"p.(Ile296Val)"	"1"	"AAV"
"0000128084"	"00020774"	"70"	"785"	"0"	"785"	"0"	"c.785T>C"	"r.(?)"	"p.(Val262Ala)"	"1"	"PAV"
"0000128085"	"00020774"	"70"	"886"	"0"	"886"	"0"	"c.886A>G"	"r.(?)"	"p.(Ile296Val)"	"1"	"PAV"
"0000128086"	"00020774"	"70"	"145"	"0"	"145"	"0"	"c.145G>C"	"r.(?)"	"p.(Ala49Pro)"	"1"	"PAV"
"0000128087"	"00020774"	"70"	"785"	"0"	"785"	"0"	"c.785T>C"	"r.(?)"	"p.(Val262Ala)"	"1"	"AAV"
"0000128088"	"00020774"	"70"	"886"	"0"	"886"	"0"	"c.886A>G"	"r.(?)"	"p.(Ile296Val)"	"1"	"PAV"
"0000128089"	"00020774"	"70"	"785"	"0"	"785"	"0"	"c.785T>C"	"r.(?)"	"p.(Val262Ala)"	"1"	"PAV"
"0000128090"	"00020774"	"70"	"886"	"0"	"886"	"0"	"c.886A>G"	"r.(?)"	"p.(Ile296Val)"	"1"	"PAV"
"0000128091"	"00020774"	"70"	"785"	"0"	"785"	"0"	"c.785T>C"	"r.(?)"	"p.(Val262Ala)"	"1"	"PAV"
"0000128092"	"00020774"	"70"	"886"	"0"	"886"	"0"	"c.886A>G"	"r.(?)"	"p.(Ile296Val)"	"1"	"PAV"
"0000128093"	"00020774"	"70"	"785"	"0"	"785"	"0"	"c.785T>C"	"r.(?)"	"p.(Val262Ala)"	"1"	"PAV"
"0000128094"	"00020774"	"70"	"886"	"0"	"886"	"0"	"c.886A>G"	"r.(?)"	"p.(Ile296Val)"	"1"	"PAV"
"0000128095"	"00020774"	"70"	"785"	"0"	"785"	"0"	"c.785T>C"	"r.(?)"	"p.(Val262Ala)"	"1"	"PAV"
"0000128096"	"00020774"	"70"	"886"	"0"	"886"	"0"	"c.886A>G"	"r.(?)"	"p.(Ile296Val)"	"1"	"PAV"
"0000128097"	"00020774"	"70"	"886"	"0"	"886"	"0"	"c.886A>G"	"r.(?)"	"p.(Ile296Val)"	"1"	"AAV (H2)"
"0000128098"	"00020774"	"50"	"820"	"0"	"820"	"0"	"c.820C>T"	"r.(?)"	"p.(Arg274Cys)"	"1"	"AAI (H3)"
"0000128099"	"00020774"	"70"	"886"	"0"	"886"	"0"	"c.886A>G"	"r.(?)"	"p.(Ile296Val)"	"1"	"AAV (H2)"
"0000128100"	"00020774"	"70"	"785"	"0"	"785"	"0"	"c.785T>C"	"r.(?)"	"p.(Val262Ala)"	"1"	"AAI (H9)"
"0000128101"	"00020774"	"50"	"820"	"0"	"820"	"0"	"c.820C>T"	"r.(?)"	"p.(Arg274Cys)"	"1"	"AAI (H3)"
"0000128102"	"00020774"	"70"	"785"	"0"	"785"	"0"	"c.785T>C"	"r.(?)"	"p.(Val262Ala)"	"1"	"AAI (H11)"
"0000128103"	"00020774"	"70"	"785"	"0"	"785"	"0"	"c.785T>C"	"r.(?)"	"p.(Val262Ala)"	"1"	"PAV (H14)"
"0000128104"	"00020774"	"70"	"886"	"0"	"886"	"0"	"c.886A>G"	"r.(?)"	"p.(Ile296Val)"	"1"	"PAV (H14)"
"0000128105"	"00020774"	"70"	"785"	"0"	"785"	"0"	"c.785T>C"	"r.(?)"	"p.(Val262Ala)"	"1"	"PAV (H15)"
"0000128106"	"00020774"	"50"	"802"	"0"	"802"	"0"	"c.802C>T"	"r.(?)"	"p.(Pro268Ser)"	"1"	"PAV (H15)"
"0000128107"	"00020774"	"70"	"886"	"0"	"886"	"0"	"c.886A>G"	"r.(?)"	"p.(Ile296Val)"	"1"	"PAV (H15)"
"0000128108"	"00020774"	"50"	"704"	"0"	"704"	"0"	"c.704G>A"	"r.(?)"	"p.(Arg235His)"	"1"	"PAV (H16)"
"0000128109"	"00020774"	"70"	"785"	"0"	"785"	"0"	"c.785T>C"	"r.(?)"	"p.(Val262Ala)"	"1"	"PAV (H16)"
"0000128110"	"00020774"	"70"	"886"	"0"	"886"	"0"	"c.886A>G"	"r.(?)"	"p.(Ile296Val)"	"1"	"PAV (H16)"
"0000128111"	"00020774"	"50"	"569"	"0"	"569"	"0"	"c.569A>G"	"r.(?)"	"p.(Asn190Ser)"	"1"	"PAV (H17)"
"0000128112"	"00020774"	"70"	"785"	"0"	"785"	"0"	"c.785T>C"	"r.(?)"	"p.(Val262Ala)"	"1"	"PAV (H17)"
"0000128113"	"00020774"	"70"	"886"	"0"	"886"	"0"	"c.886A>G"	"r.(?)"	"p.(Ile296Val)"	"1"	"PAV (H17)"
"0000128114"	"00020774"	"50"	"932"	"0"	"932"	"0"	"c.932T>C"	"r.(?)"	"p.(Ile311Thr)"	"1"	"AVI (H5)"
"0000128115"	"00020774"	"70"	"145"	"0"	"145"	"0"	"c.145G>C"	"r.(?)"	"p.(Ala49Pro)"	"1"	"PAV (H19)"
"0000128116"	"00020774"	"70"	"785"	"0"	"785"	"0"	"c.785T>C"	"r.(?)"	"p.(Val262Ala)"	"1"	"PAV (H19)"
"0000128117"	"00020774"	"70"	"886"	"0"	"886"	"0"	"c.886A>G"	"r.(?)"	"p.(Ile296Val)"	"1"	"PAV (H19)"
"0000128118"	"00020774"	"50"	"93"	"0"	"93"	"0"	"c.93G>A"	"r.(?)"	"p.(=)"	"1"	"AAI (H20)"
"0000128119"	"00020774"	"70"	"785"	"0"	"785"	"0"	"c.785T>C"	"r.(?)"	"p.(Val262Ala)"	"1"	"AAI (H9)"
"0000128120"	"00020774"	"70"	"785"	"0"	"785"	"0"	"c.785T>C"	"r.(?)"	"p.(Val262Ala)"	"1"	"AAI (H10)"
"0000128121"	"00020774"	"70"	"785"	"0"	"785"	"0"	"c.785T>C"	"r.(?)"	"p.(Val262Ala)"	"1"	"AAI (H11)"
"0000128122"	"00020774"	"50"	"368"	"0"	"368"	"0"	"c.368G>A"	"r.(?)"	"p.(Arg123His)"	"1"	"AAI (H12)"
"0000128123"	"00020774"	"70"	"785"	"0"	"785"	"0"	"c.785T>C"	"r.(?)"	"p.(Val262Ala)"	"1"	"AAI (H12)"
"0000128124"	"00020774"	"50"	"823"	"0"	"823"	"0"	"c.823G>A"	"r.(?)"	"p.(Asp275Asn)"	"1"	"AAI (H12)"
"0000128125"	"00020774"	"70"	"785"	"0"	"785"	"0"	"c.785T>C"	"r.(?)"	"p.(Val262Ala)"	"1"	"PAV (H14)"
"0000128126"	"00020774"	"70"	"886"	"0"	"886"	"0"	"c.886A>G"	"r.(?)"	"p.(Ile296Val)"	"1"	"PAV (H14)"
"0000128127"	"00020774"	"70"	"785"	"0"	"785"	"0"	"c.785T>C"	"r.(?)"	"p.(Val262Ala)"	"1"	"PAV (H15)"
"0000128128"	"00020774"	"50"	"802"	"0"	"802"	"0"	"c.802C>T"	"r.(?)"	"p.(Pro268Ser)"	"1"	"PAV (H15)"
"0000128129"	"00020774"	"70"	"886"	"0"	"886"	"0"	"c.886A>G"	"r.(?)"	"p.(Ile296Val)"	"1"	"PAV (H15)"
"0000128130"	"00020774"	"50"	"704"	"0"	"704"	"0"	"c.704G>A"	"r.(?)"	"p.(Arg235His)"	"1"	"PAV (H16)"
"0000128131"	"00020774"	"70"	"785"	"0"	"785"	"0"	"c.785T>C"	"r.(?)"	"p.(Val262Ala)"	"1"	"PAV (H16)"
"0000128132"	"00020774"	"70"	"886"	"0"	"886"	"0"	"c.886A>G"	"r.(?)"	"p.(Ile296Val)"	"1"	"PAV (H16)"
"0000128133"	"00020774"	"50"	"569"	"0"	"569"	"0"	"c.569A>G"	"r.(?)"	"p.(Asn190Ser)"	"1"	"PAV (H17)"
"0000128134"	"00020774"	"70"	"785"	"0"	"785"	"0"	"c.785T>C"	"r.(?)"	"p.(Val262Ala)"	"1"	"PAV (H17)"
"0000128135"	"00020774"	"70"	"886"	"0"	"886"	"0"	"c.886A>G"	"r.(?)"	"p.(Ile296Val)"	"1"	"PAV (H17)"
"0000128136"	"00020774"	"70"	"785"	"0"	"785"	"0"	"c.785T>C"	"r.(?)"	"p.(Val262Ala)"	"1"	"PAV (H14)"
"0000128137"	"00020774"	"70"	"886"	"0"	"886"	"0"	"c.886A>G"	"r.(?)"	"p.(Ile296Val)"	"1"	"PAV (H14)"
"0000128138"	"00020774"	"70"	"785"	"0"	"785"	"0"	"c.785T>C"	"r.(?)"	"p.(Val262Ala)"	"1"	"PAV (H14)"
"0000128139"	"00020774"	"70"	"886"	"0"	"886"	"0"	"c.886A>G"	"r.(?)"	"p.(Ile296Val)"	"1"	"PAV (H14)"
"0000128140"	"00020774"	"50"	"416"	"0"	"416"	"0"	"c.416A>G"	"r.(?)"	"p.(Lys139Arg)"	"1"	"PAV (H18)"
"0000128141"	"00020774"	"70"	"785"	"0"	"785"	"0"	"c.785T>C"	"r.(?)"	"p.(Val262Ala)"	"1"	"PAV (H18)"
"0000128142"	"00020774"	"70"	"886"	"0"	"886"	"0"	"c.886A>G"	"r.(?)"	"p.(Ile296Val)"	"1"	"PAV (H18)"
"0000128143"	"00020774"	"70"	"785"	"0"	"785"	"0"	"c.785T>C"	"r.(?)"	"p.(Val262Ala)"	"1"	"PAV (H14)"
"0000128144"	"00020774"	"70"	"886"	"0"	"886"	"0"	"c.886A>G"	"r.(?)"	"p.(Ile296Val)"	"1"	"PAV (H14)"
"0000128145"	"00020774"	"70"	"785"	"0"	"785"	"0"	"c.785T>C"	"r.(?)"	"p.(Val262Ala)"	"1"	"PAV (H14)"
"0000128146"	"00020774"	"70"	"886"	"0"	"886"	"0"	"c.886A>G"	"r.(?)"	"p.(Ile296Val)"	"1"	"PAV (H14)"
"0000128147"	"00020774"	"70"	"785"	"0"	"785"	"0"	"c.785T>C"	"r.(?)"	"p.(Val262Ala)"	"1"	"PAV (H14)"
"0000128148"	"00020774"	"70"	"886"	"0"	"886"	"0"	"c.886A>G"	"r.(?)"	"p.(Ile296Val)"	"1"	"PAV (H14)"
"0000128149"	"00020774"	"50"	"416"	"0"	"416"	"0"	"c.416A>G"	"r.(?)"	"p.(Lys139Arg)"	"1"	"PAV (H18)"
"0000128150"	"00020774"	"70"	"785"	"0"	"785"	"0"	"c.785T>C"	"r.(?)"	"p.(Val262Ala)"	"1"	"PAV (H18)"
"0000128151"	"00020774"	"70"	"886"	"0"	"886"	"0"	"c.886A>G"	"r.(?)"	"p.(Ile296Val)"	"1"	"PAV (H18)"
"0000128152"	"00020774"	"70"	"785"	"0"	"785"	"0"	"c.785T>C"	"r.(?)"	"p.(Val262Ala)"	"1"	""